Workbook

Sheet CATEGORY
A1: Month | B1: Product Category | C1: Units Sold | D1: Price Per Unit | E1: Total Sales | F1: Commission
A2: January | B2: Electronics | C2: 10 | D2: 1000 | E2: =C2*D2 -> 10000 | F2: =0.05*E2 -> 500
A3: January | B3: Furniture | C3: 5 | D3: 500 | E3: =C3*D3 -> 2500 | F3: =0.05*E3 -> 125
A4: January | B4: Clothing | C4: 20 | D4: 100 | E4: =C4*D4 -> 2000 | F4: =0.05*E4 -> 100
A5: February | B5: Electronics | C5: 12 | D5: 1000 | E5: =C5*D5 -> 12000 | F5: =0.05*E5 -> 600
A6: February | B6: Furniture | C6: 6 | D6: 500 | E6: =C6*D6 -> 3000 | F6: =0.05*E6 -> 150
A7: February | B7: Clothing | C7: 18 | D7: 100 | E7: =C7*D7 -> 1800 | F7: =0.05*E7 -> 90
A8: March | B8: Electronics | C8: 8 | D8: 1000 | E8: =C8*D8 -> 8000 | F8: =0.05*E8 -> 400
A9: March | B9: Furniture | C9: 7 | D9: 500 | E9: =C9*D9 -> 3500 | F9: =0.05*E9 -> 175
A10: March | B10: Clothing | C10: 22 | D10: 100 | E10: =C10*D10 -> 2200 | F10: =0.05*E10 -> 110

Sheet BUDGET
A1: Department | B1: Budgeted Amount | C1: Actual Spent | D1: Difference | E1: Over/under | F1: % Used
A2: Marketing | B2: 50000 | C2: 48000 | D2: =B2-C2 -> 2000 | E2: =D2 -> 2000 | F2: =C2/B2 -> 0.96
A3: Operations | B3: 75000 | C3: 78000 | D3: =B3-C3 -> -3000 | E3: =D3 -> -3000 | F3: =C3/B3 -> 1.04
A4: HR | B4: 40000 | C4: 35000 | D4: =B4-C4 -> 5000 | E4: =D4 -> 5000 | F4: =C4/B4 -> 0.875
A5: Sales | B5: 60000 | C5: 58000 | D5: =B5-C5 -> 2000 | E5: =D5 -> 2000 | F5: =C5/B5 -> 0.96666667
A6: IT | B6: 55000 | C6: 52000 | D6: =B6-C6 -> 3000 | E6: =D6 -> 3000 | F6: =C6/B6 -> 0.94545455

Sheet SALES
A1: SALES BY CATEGORY
A2: Category | B2: Total Sales | C2: Avg Units
A3: Electronics | B3: =SUMIF(CATEGORY!B2:'CATEGORY'!B10, "Electronics", CATEGORY!E2:E10) -> 30000 | C3: =AVERAGEIF(CATEGORY!B2:'CATEGORY'!B10, "Electronics", CATEGORY!C2:C10) -> 10
A4: Furniture | B4: =SUMIF(CATEGORY!B2:'CATEGORY'!B10, "Furniture", CATEGORY!E2:E10) -> 9000 | C4: =AVERAGEIF(CATEGORY!B2:'CATEGORY'!B10, "Furniture", CATEGORY!C2:C10) -> 6
A5: Clothing | B5: =SUMIF(CATEGORY!B2:'CATEGORY'!B10, "Clothing", CATEGORY!E2:E10) -> 6000 | C5: =AVERAGEIF(CATEGORY!B2:'CATEGORY'!B10, "Clothing", CATEGORY!C2:C10) -> 20
A7: TOTAL | B7: =SUM(B3:B5) -> 45000
A9: BUDGET SUMMARY (FROM BUDGET SHEET)
A10: Metric | B10: Amount
A11: Total Budgeted | B11: =SUM(BUDGET!B2:B6) -> 280000
A12: Total Spent | B12: =SUM(BUDGET!C2:'BUDGET'!C6) -> 271000
A13: Remaining Budget | B13: =B11-B12 -> 9000
A14: Avg % Used | B14: =AVERAGE(BUDGET!F2:'BUDGET'!F6) -> 0.95742424

Sheet HINTS
A1: FORMULA HINTS & REFERENCE
A3: SKILL | B3: FORMULA TEMPLATE | C3: EXAMPLE
A4: Multiply | B4: =A*B -> #NAME?
A5: Divide | B5: =A/B -> #NAME? | C5: =C4/D4 -> #DIV/0!
A6: Subtract | B6: =A-B -> #NAME? | C6: =B4-C4 -> #NAME?
A7: ROW LOCK | B7: =B$4-C$4 -> #NAME? | C7: Row 4 stays fixed when copying down
A8: COLUMN LOCK | B8: =$B4-$C4 -> #NAME? | C8: Column B,C stay fixed when copying right
A9: BOTH LOCK | B9: =$B$4-$C$4 -> #NAME? | C9: Both row & column locked
A10: SUM | B10: =SUM(A1:A5) -> 0
A11: SUMIF | B11: =SUMIF(range, criteria, sum_range) -> #NAME? | C11: =SUMIF('[1]Sales Data'!B:B,"Electronics",'[1]Sales Data'!E:E) -> 0
A12: AVERAGEIF | B12: =AVERAGEIF(range, criteria, avg_range) -> #NAME? | C12: =AVERAGEIF('[1]Sales Data'!B:B,"Furniture",'[1]Sales Data'!C:C) -> 6
A13: AVERAGE | B13: =AVERAGE(A1:A5) -> #DIV/0! | C13: =AVERAGE([1]Budget!F4:F8) -> #DIV/0!
A14: CROSS-SHEET REF | B14: =[2]!Cell -> #NAME? | C14: =[1]Budget!B4 pulls from Budget sheet, cell B4 -> #NAME?
